Weight,Obesity Level,,,,Weight,Obesity Level,,,,Weight,Obesity Level,,,,Weight,Obesity Level,,,,Weight,Obesity Level,,,,Weight,Obesity Level,,,,Weight,Obesity Level
55,Insufficient_Weight,,,,64,Normal_Weight,,,,105,Obesity_Type_I,,,,112,Obesity_Type_II,,,,102,Obesity_Type_III,,,,87,Overweight_Level_I,,,,89.8,Overweight_Level_II
50,Insufficient_Weight,,,,56,Normal_Weight,,,,99,Obesity_Type_I,,,,93,Obesity_Type_II,,,,173,Obesity_Type_III,,,,70,Overweight_Level_I,,,,80,Overweight_Level_II
45,Insufficient_Weight,,,,77,Normal_Weight,,,,78,Obesity_Type_I,,,,130,Obesity_Type_II,,,,112,Obesity_Type_III,,,,83,Overweight_Level_I,,,,102,Overweight_Level_II
45,Insufficient_Weight,,,,53,Normal_Weight,,,,87,Obesity_Type_I,,,,118,Obesity_Type_II,,,,104.572712,Obesity_Type_III,,,,75,Overweight_Level_I,,,,82,Overweight_Level_II
45,Insufficient_Weight,,,,55,Normal_Weight,,,,82,Obesity_Type_I,,,,114,Obesity_Type_II,,,,126.67378,Obesity_Type_III,,,,69,Overweight_Level_I,,,,80,Overweight_Level_II
42,Insufficient_Weight,,,,53,Normal_Weight,,,,95,Obesity_Type_I,,,,121,Obesity_Type_II,,,,110.79263,Obesity_Type_III,,,,87,Overweight_Level_I,,,,68,Overweight_Level_II
42,Insufficient_Weight,,,,64,Normal_Weight,,,,90,Obesity_Type_I,,,,120,Obesity_Type_II,,,,137.796884,Obesity_Type_III,,,,84,Overweight_Level_I,,,,90,Overweight_Level_II
50,Insufficient_Weight,,,,68,Normal_Weight,,,,85.5,Obesity_Type_I,,,,120,Obesity_Type_II,,,,165.057269,Obesity_Type_III,,,,90,Overweight_Level_I,,,,65,Overweight_Level_II
65,Insufficient_Weight,,,,56,Normal_Weight,,,,80,Obesity_Type_I,,,,110,Obesity_Type_II,,,,133.03441,Obesity_Type_III,,,,75,Overweight_Level_I,,,,88,Overweight_Level_II
52,Insufficient_Weight,,,,60,Normal_Weight,,,,95,Obesity_Type_I,,,,125,Obesity_Type_II,,,,111.485516,Obesity_Type_III,,,,80,Overweight_Level_I,,,,65,Overweight_Level_II
40,Insufficient_Weight,,,,66,Normal_Weight,,,,88,Obesity_Type_I,,,,100.5,Obesity_Type_II,,,,104.826776,Obesity_Type_III,,,,75,Overweight_Level_I,,,,90,Overweight_Level_II
49,Insufficient_Weight,,,,60,Normal_Weight,,,,86,Obesity_Type_I,,,,112.289883,Obesity_Type_II,,,,133.963349,Obesity_Type_III,,,,75,Overweight_Level_I,,,,80,Overweight_Level_II
53,Insufficient_Weight,,,,68,Normal_Weight,,,,109,Obesity_Type_I,,,,115.127662,Obesity_Type_II,,,,102.093223,Obesity_Type_III,,,,67,Overweight_Level_I,,,,85,Overweight_Level_II
50,Insufficient_Weight,,,,50,Normal_Weight,,,,80,Obesity_Type_I,,,,107.94747,Obesity_Type_II,,,,105.055597,Obesity_Type_III,,,,70,Overweight_Level_I,,,,80,Overweight_Level_II
50,Insufficient_Weight,,,,65,Normal_Weight,,,,93.5,Obesity_Type_I,,,,102.810704,Obesity_Type_II,,,,137.859737,Obesity_Type_III,,,,60,Overweight_Level_I,,,,91,Overweight_Level_II
50,Insufficient_Weight,,,,52,Normal_Weight,,,,80,Obesity_Type_I,,,,128.828122,Obesity_Type_II,,,,149.935848,Obesity_Type_III,,,,62,Overweight_Level_I,,,,83,Overweight_Level_II
52,Insufficient_Weight,,,,76,Normal_Weight,,,,90,Obesity_Type_I,,,,122.137917,Obesity_Type_II,,,,111.93301,Obesity_Type_III,,,,79,Overweight_Level_I,,,,78,Overweight_Level_II
58,Insufficient_Weight,,,,70,Normal_Weight,,,,94,Obesity_Type_I,,,,118.154345,Obesity_Type_II,,,,105.448264,Obesity_Type_III,,,,70,Overweight_Level_I,,,,85,Overweight_Level_II
45,Insufficient_Weight,,,,76,Normal_Weight,,,,96,Obesity_Type_I,,,,120.151967,Obesity_Type_II,,,,104.954834,Obesity_Type_III,,,,70,Overweight_Level_I,,,,76,Overweight_Level_II
57,Insufficient_Weight,,,,62,Normal_Weight,,,,98,Obesity_Type_I,,,,116.160329,Obesity_Type_II,,,,109.900472,Obesity_Type_III,,,,70,Overweight_Level_I,,,,95,Overweight_Level_II
56,Insufficient_Weight,,,,49,Normal_Weight,,,,105,Obesity_Type_I,,,,112.725005,Obesity_Type_II,,,,121.205171,Obesity_Type_III,,,,68,Overweight_Level_I,,,,90,Overweight_Level_II
50,Insufficient_Weight,,,,48,Normal_Weight,,,,83,Obesity_Type_I,,,,120.860386,Obesity_Type_II,,,,133.76473,Obesity_Type_III,,,,80,Overweight_Level_I,,,,78,Overweight_Level_II
50,Insufficient_Weight,,,,67,Normal_Weight,,,,83,Obesity_Type_I,,,,121.253083,Obesity_Type_II,,,,109.959714,Obesity_Type_III,,,,85,Overweight_Level_I,,,,84,Overweight_Level_II
42,Insufficient_Weight,,,,60,Normal_Weight,,,,80,Obesity_Type_I,,,,120,Obesity_Type_II,,,,110.545378,Obesity_Type_III,,,,85,Overweight_Level_I,,,,78,Overweight_Level_II
60,Insufficient_Weight,,,,64,Normal_Weight,,,,90,Obesity_Type_I,,,,128.867444,Obesity_Type_II,,,,131.529267,Obesity_Type_III,,,,75,Overweight_Level_I,,,,80,Overweight_Level_II
50,Insufficient_Weight,,,,62,Normal_Weight,,,,78,Obesity_Type_I,,,,112.256165,Obesity_Type_II,,,,114.465425,Obesity_Type_III,,,,68,Overweight_Level_I,,,,85,Overweight_Level_II
50,Insufficient_Weight,,,,80,Normal_Weight,,,,100,Obesity_Type_I,,,,117.298233,Obesity_Type_II,,,,127.902844,Obesity_Type_III,,,,78,Overweight_Level_I,,,,80,Overweight_Level_II
39,Insufficient_Weight,,,,72,Normal_Weight,,,,82,Obesity_Type_I,,,,116.594351,Obesity_Type_II,,,,152.094362,Obesity_Type_III,,,,91,Overweight_Level_I,,,,77,Overweight_Level_II
60,Insufficient_Weight,,,,72,Normal_Weight,,,,115,Obesity_Type_I,,,,101.634313,Obesity_Type_II,,,,133.800129,Obesity_Type_III,,,,66,Overweight_Level_I,,,,82,Overweight_Level_II
60,Insufficient_Weight,,,,60,Normal_Weight,,,,91,Obesity_Type_I,,,,121.414744,Obesity_Type_II,,,,114.511537,Obesity_Type_III,,,,78,Overweight_Level_I,,,,60,Overweight_Level_II
53,Insufficient_Weight,,,,50,Normal_Weight,,,,107,Obesity_Type_I,,,,122.024954,Obesity_Type_II,,,,111.946655,Obesity_Type_III,,,,81,Overweight_Level_I,,,,63,Overweight_Level_II
45,Insufficient_Weight,,,,54.5,Normal_Weight,,,,105,Obesity_Type_I,,,,98.490766,Obesity_Type_II,,,,111.868169,Obesity_Type_III,,,,75,Overweight_Level_I,,,,82,Overweight_Level_II
42,Insufficient_Weight,,,,44,Normal_Weight,,,,110,Obesity_Type_I,,,,106.509947,Obesity_Type_II,,,,104.758713,Obesity_Type_III,,,,73,Overweight_Level_I,,,,80,Overweight_Level_II
53,Insufficient_Weight,,,,52,Normal_Weight,,,,82,Obesity_Type_I,,,,112.010504,Obesity_Type_II,,,,107.482662,Obesity_Type_III,,,,80,Overweight_Level_I,,,,77,Overweight_Level_II
54.927529,Insufficient_Weight,,,,55,Normal_Weight,,,,105,Obesity_Type_I,,,,112.089022,Obesity_Type_II,,,,130.927138,Obesity_Type_III,,,,75,Overweight_Level_I,,,,99,Overweight_Level_II
55.695036,Insufficient_Weight,,,,55,Normal_Weight,,,,125,Obesity_Type_I,,,,101.626189,Obesity_Type_II,,,,132.527011,Obesity_Type_III,,,,85,Overweight_Level_I,,,,75,Overweight_Level_II
55.879263,Insufficient_Weight,,,,62,Normal_Weight,,,,80,Obesity_Type_I,,,,98.66176,Obesity_Type_II,,,,102.003378,Obesity_Type_III,,,,63,Overweight_Level_I,,,,78,Overweight_Level_II
51.154201,Insufficient_Weight,,,,70,Normal_Weight,,,,98,Obesity_Type_I,,,,129.852531,Obesity_Type_II,,,,103.026858,Obesity_Type_III,,,,71,Overweight_Level_I,,,,90,Overweight_Level_II
49.869791,Insufficient_Weight,,,,65,Normal_Weight,,,,75,Obesity_Type_I,,,,124.269251,Obesity_Type_II,,,,142.102468,Obesity_Type_III,,,,76,Overweight_Level_I,,,,85,Overweight_Level_II
51.965521,Insufficient_Weight,,,,67,Normal_Weight,,,,108,Obesity_Type_I,,,,118.102897,Obesity_Type_II,,,,152.720545,Obesity_Type_III,,,,53,Overweight_Level_I,,,,80,Overweight_Level_II
44.845655,Insufficient_Weight,,,,49,Normal_Weight,,,,113,Obesity_Type_I,,,,119.434645,Obesity_Type_II,,,,111.993054,Obesity_Type_III,,,,65,Overweight_Level_I,,,,78,Overweight_Level_II
42.848033,Insufficient_Weight,,,,58,Normal_Weight,,,,90,Obesity_Type_I,,,,116.160329,Obesity_Type_II,,,,111.208963,Obesity_Type_III,,,,62,Overweight_Level_I,,,,97,Overweight_Level_II
43.919835,Insufficient_Weight,,,,62,Normal_Weight,,,,89,Obesity_Type_I,,,,116.102615,Obesity_Type_II,,,,104.585783,Obesity_Type_III,,,,73,Overweight_Level_I,,,,83,Overweight_Level_II
43.087508,Insufficient_Weight,,,,55,Normal_Weight,,,,85,Obesity_Type_I,,,,120.860386,Obesity_Type_II,,,,104.754958,Obesity_Type_III,,,,86,Overweight_Level_I,,,,83,Overweight_Level_II
44.581159,Insufficient_Weight,,,,57,Normal_Weight,,,,100,Obesity_Type_I,,,,120.996074,Obesity_Type_II,,,,124.704781,Obesity_Type_III,,,,63,Overweight_Level_I,,,,74,Overweight_Level_II
45,Insufficient_Weight,,,,60,Normal_Weight,,,,83,Obesity_Type_I,,,,121.204668,Obesity_Type_II,,,,129.769141,Obesity_Type_III,,,,69,Overweight_Level_I,,,,92,Overweight_Level_II
45,Insufficient_Weight,,,,60,Normal_Weight,,,,104,Obesity_Type_I,,,,118.363376,Obesity_Type_II,,,,110.676343,Obesity_Type_III,,,,65,Overweight_Level_I,,,,83,Overweight_Level_II
42.339767,Insufficient_Weight,,,,65,Normal_Weight,,,,105,Obesity_Type_I,,,,117.384745,Obesity_Type_II,,,,110.824698,Obesity_Type_III,,,,70,Overweight_Level_I,,,,78,Overweight_Level_II
42.096062,Insufficient_Weight,,,,60,Normal_Weight,,,,105.712219,Obesity_Type_I,,,,119.087557,Obesity_Type_II,,,,135.524857,Obesity_Type_III,,,,59,Overweight_Level_I,,,,99,Overweight_Level_II
41.324558,Insufficient_Weight,,,,58,Normal_Weight,,,,102.872505,Obesity_Type_I,,,,108.308112,Obesity_Type_II,,,,133.573787,Obesity_Type_III,,,,65,Overweight_Level_I,,,,86,Overweight_Level_II
42,Insufficient_Weight,,,,58.5,Normal_Weight,,,,101.780099,Obesity_Type_I,,,,103.669116,Obesity_Type_II,,,,138.730619,Obesity_Type_III,,,,88,Overweight_Level_I,,,,85,Overweight_Level_II
44.641796,Insufficient_Weight,,,,83,Normal_Weight,,,,78.233341,Obesity_Type_I,,,,121.786485,Obesity_Type_II,,,,155.872093,Obesity_Type_III,,,,76,Overweight_Level_I,,,,87,Overweight_Level_II
42,Insufficient_Weight,,,,65,Normal_Weight,,,,80.351263,Obesity_Type_I,,,,122.333425,Obesity_Type_II,,,,133.665587,Obesity_Type_III,,,,80,Overweight_Level_I,,,,93,Overweight_Level_II
42,Insufficient_Weight,,,,64,Normal_Weight,,,,81.827288,Obesity_Type_I,,,,99.961731,Obesity_Type_II,,,,133.852432,Obesity_Type_III,,,,87,Overweight_Level_I,,,,88,Overweight_Level_II
42,Insufficient_Weight,,,,57,Normal_Weight,,,,81.936398,Obesity_Type_I,,,,103.175516,Obesity_Type_II,,,,111.886611,Obesity_Type_III,,,,79,Overweight_Level_I,,,,71,Overweight_Level_II
50.890363,Insufficient_Weight,,,,48,Normal_Weight,,,,82,Obesity_Type_I,,,,113.90198,Obesity_Type_II,,,,111.818345,Obesity_Type_III,,,,68,Overweight_Level_I,,,,80,Overweight_Level_II
50.833029,Insufficient_Weight,,,,70,Normal_Weight,,,,82.603984,Obesity_Type_I,,,,112.287678,Obesity_Type_II,,,,104.808542,Obesity_Type_III,,,,75,Overweight_Level_I,,,,84,Overweight_Level_II
50,Insufficient_Weight,,,,60,Normal_Weight,,,,97.911865,Obesity_Type_I,,,,115.428276,Obesity_Type_II,,,,104.928643,Obesity_Type_III,,,,58,Overweight_Level_I,,,,86,Overweight_Level_II
64.106108,Insufficient_Weight,,,,70,Normal_Weight,,,,88.472359,Obesity_Type_I,,,,114.330023,Obesity_Type_II,,,,133.365094,Obesity_Type_III,,,,86.963765,Overweight_Level_I,,,,89.28282,Overweight_Level_II
63.611109,Insufficient_Weight,,,,63,Normal_Weight,,,,87.272552,Obesity_Type_I,,,,110.714711,Obesity_Type_II,,,,133.952675,Obesity_Type_III,,,,70,Overweight_Level_I,,,,89.068227,Overweight_Level_II
58.854416,Insufficient_Weight,,,,66.4,Normal_Weight,,,,84.340406,Obesity_Type_I,,,,109.889334,Obesity_Type_II,,,,102.38745,Obesity_Type_III,,,,85.637789,Overweight_Level_I,,,,80,Overweight_Level_II
52,Insufficient_Weight,,,,57,Normal_Weight,,,,77.26813,Obesity_Type_I,,,,103.841672,Obesity_Type_II,,,,102.781971,Obesity_Type_III,,,,75.5771,Overweight_Level_I,,,,80.555875,Overweight_Level_II
51.598593,Insufficient_Weight,,,,58,Normal_Weight,,,,95,Obesity_Type_I,,,,103.0344,Obesity_Type_II,,,,104.899348,Obesity_Type_III,,,,68.869791,Overweight_Level_I,,,,101.482054,Overweight_Level_II
52,Insufficient_Weight,,,,55,Normal_Weight,,,,97.813023,Obesity_Type_I,,,,128.856677,Obesity_Type_II,,,,104.988925,Obesity_Type_III,,,,88.965521,Overweight_Level_I,,,,82.523113,Overweight_Level_II
41.452385,Insufficient_Weight,,,,55,Normal_Weight,,,,87.344156,Obesity_Type_I,,,,129.935666,Obesity_Type_II,,,,137.044959,Obesity_Type_III,,,,82.919584,Overweight_Level_I,,,,82.207978,Overweight_Level_II
41.890204,Insufficient_Weight,,,,75,Normal_Weight,,,,82.13682,Obesity_Type_I,,,,120.644178,Obesity_Type_II,,,,137.767787,Obesity_Type_III,,,,86.413388,Overweight_Level_I,,,,80,Overweight_Level_II
41.397378,Insufficient_Weight,,,,58,Normal_Weight,,,,107.998815,Obesity_Type_I,,,,120.549592,Obesity_Type_II,,,,141.166265,Obesity_Type_III,,,,75,Overweight_Level_I,,,,80,Overweight_Level_II
49.742931,Insufficient_Weight,,,,51,Normal_Weight,,,,77.74518,Obesity_Type_I,,,,120.202596,Obesity_Type_II,,,,151.975864,Obesity_Type_III,,,,80,Overweight_Level_I,,,,65.522744,Overweight_Level_II
49.660995,Insufficient_Weight,,,,49,Normal_Weight,,,,90.500055,Obesity_Type_I,,,,118.277657,Obesity_Type_II,,,,111.942544,Obesity_Type_III,,,,75,Overweight_Level_I,,,,85.687751,Overweight_Level_II
49.039794,Insufficient_Weight,,,,62,Normal_Weight,,,,80,Obesity_Type_I,,,,118.206565,Obesity_Type_II,,,,111.600553,Obesity_Type_III,,,,74.803157,Overweight_Level_I,,,,91.630257,Overweight_Level_II
50.287967,Insufficient_Weight,,,,57,Normal_Weight,,,,90,Obesity_Type_I,,,,120.399758,Obesity_Type_II,,,,105.037463,Obesity_Type_III,,,,68.126955,Overweight_Level_I,,,,65.220249,Overweight_Level_II
53.699561,Insufficient_Weight,,,,53,Normal_Weight,,,,94.189167,Obesity_Type_I,,,,114.133149,Obesity_Type_II,,,,105.423532,Obesity_Type_III,,,,68.226511,Overweight_Level_I,,,,61.373868,Overweight_Level_II
51.442293,Insufficient_Weight,,,,67,Normal_Weight,,,,98.447311,Obesity_Type_I,,,,115.531622,Obesity_Type_II,,,,104.839068,Obesity_Type_III,,,,62.903938,Overweight_Level_I,,,,87.803311,Overweight_Level_II
49.838965,Insufficient_Weight,,,,68,Normal_Weight,,,,95.361795,Obesity_Type_I,,,,112.438508,Obesity_Type_II,,,,104.821175,Obesity_Type_III,,,,62.337721,Overweight_Level_I,,,,69.743323,Overweight_Level_II
50,Insufficient_Weight,,,,61,Normal_Weight,,,,98.699971,Obesity_Type_I,,,,112.957922,Obesity_Type_II,,,,110.92217,Obesity_Type_III,,,,78.175706,Overweight_Level_I,,,,67.904023,Overweight_Level_II
49.932199,Insufficient_Weight,,,,70,Normal_Weight,,,,100.84763,Obesity_Type_I,,,,120.898397,Obesity_Type_II,,,,110.21734,Obesity_Type_III,,,,70,Overweight_Level_I,,,,89.994415,Overweight_Level_II
49.516027,Insufficient_Weight,,,,53,Normal_Weight,,,,82.040318,Obesity_Type_I,,,,119.050381,Obesity_Type_II,,,,124.805868,Obesity_Type_III,,,,70,Overweight_Level_I,,,,89.868784,Overweight_Level_II
46.655622,Insufficient_Weight,,,,58,Normal_Weight,,,,82.532994,Obesity_Type_I,,,,121.277832,Obesity_Type_II,,,,121.864326,Obesity_Type_III,,,,70,Overweight_Level_I,,,,80,Overweight_Level_II
49.839685,Insufficient_Weight,,,,56,Normal_Weight,,,,83.15115,Obesity_Type_I,,,,120.589419,Obesity_Type_II,,,,133.783955,Obesity_Type_III,,,,68.803694,Overweight_Level_I,,,,80.458343,Overweight_Level_II
51.588874,Insufficient_Weight,,,,66,Normal_Weight,,,,80,Obesity_Type_I,,,,120.082941,Obesity_Type_II,,,,131.866734,Obesity_Type_III,,,,79.109637,Overweight_Level_I,,,,84.687554,Overweight_Level_II
50,Insufficient_Weight,,,,72,Normal_Weight,,,,79.58958,Obesity_Type_I,,,,118.382361,Obesity_Type_II,,,,110.008636,Obesity_Type_III,,,,85.833029,Overweight_Level_I,,,,83.952968,Overweight_Level_II
52.629374,Insufficient_Weight,,,,75,Normal_Weight,,,,90,Obesity_Type_I,,,,126.460936,Obesity_Type_II,,,,110.970479,Obesity_Type_III,,,,85,Overweight_Level_I,,,,78.055968,Overweight_Level_II
51.457226,Insufficient_Weight,,,,68,Normal_Weight,,,,78,Obesity_Type_I,,,,125.064264,Obesity_Type_II,,,,111.267334,Obesity_Type_III,,,,75,Overweight_Level_I,,,,91.059595,Overweight_Level_II
50.869704,Insufficient_Weight,,,,66,Normal_Weight,,,,102.910613,Obesity_Type_I,,,,113.207124,Obesity_Type_II,,,,109.980145,Obesity_Type_III,,,,67.722222,Overweight_Level_I,,,,80.761409,Overweight_Level_II
52.331172,Insufficient_Weight,,,,51,Normal_Weight,,,,96.940255,Obesity_Type_I,,,,114.097656,Obesity_Type_II,,,,132.145549,Obesity_Type_III,,,,75.951472,Overweight_Level_I,,,,78,Overweight_Level_II
58.943347,Insufficient_Weight,,,,61,Normal_Weight,,,,80.615325,Obesity_Type_I,,,,117.57457,Obesity_Type_II,,,,132.904884,Obesity_Type_III,,,,89.652557,Overweight_Level_I,,,,83.199034,Overweight_Level_II
57.790381,Insufficient_Weight,,,,78,Normal_Weight,,,,105.655037,Obesity_Type_I,,,,118.424156,Obesity_Type_II,,,,114.480696,Obesity_Type_III,,,,66.401407,Overweight_Level_I,,,,77.272652,Overweight_Level_II
57.145917,Insufficient_Weight,,,,59,Normal_Weight,,,,114.77484,Obesity_Type_I,,,,118.533246,Obesity_Type_II,,,,113.277388,Obesity_Type_III,,,,77.929204,Overweight_Level_I,,,,96.192662,Overweight_Level_II
43.365005,Insufficient_Weight,,,,63,Normal_Weight,,,,90.032671,Obesity_Type_I,,,,117.29188,Obesity_Type_II,,,,128.261402,Obesity_Type_III,,,,80.273807,Overweight_Level_I,,,,93.086419,Overweight_Level_II
44.411801,Insufficient_Weight,,,,45,Normal_Weight,,,,93.348843,Obesity_Type_I,,,,103.706181,Obesity_Type_II,,,,129.363771,Obesity_Type_III,,,,75,Overweight_Level_I,,,,85.312639,Overweight_Level_II
47.124717,Insufficient_Weight,,,,60,Normal_Weight,,,,105.138073,Obesity_Type_I,,,,102.686239,Obesity_Type_II,,,,144.302261,Obesity_Type_III,,,,71.602622,Overweight_Level_I,,,,90,Overweight_Level_II
59.682591,Insufficient_Weight,,,,72,Normal_Weight,,,,106.49141,Obesity_Type_I,,,,121.142535,Obesity_Type_II,,,,149.291106,Obesity_Type_III,,,,82.228794,Overweight_Level_I,,,,80.749657,Overweight_Level_II
58.968994,Insufficient_Weight,,,,60,Normal_Weight,,,,103.189532,Obesity_Type_I,,,,118.740035,Obesity_Type_II,,,,132.57927,Obesity_Type_III,,,,75,Overweight_Level_I,,,,83.568035,Overweight_Level_II
55.700497,Insufficient_Weight,,,,75,Normal_Weight,,,,106.038468,Obesity_Type_I,,,,121.82962,Obesity_Type_II,,,,133.94608,Obesity_Type_III,,,,85.079589,Overweight_Level_I,,,,78.574786,Overweight_Level_II
54.98774,Insufficient_Weight,,,,72,Normal_Weight,,,,108.9606,Obesity_Type_I,,,,120.021161,Obesity_Type_II,,,,112.776612,Obesity_Type_III,,,,64.808022,Overweight_Level_I,,,,80.491339,Overweight_Level_II
55.01045,Insufficient_Weight,,,,58,Normal_Weight,,,,108.742005,Obesity_Type_I,,,,100.941357,Obesity_Type_II,,,,112.879662,Obesity_Type_III,,,,72.748903,Overweight_Level_I,,,,85,Overweight_Level_II
54.166453,Insufficient_Weight,,,,59,Normal_Weight,,,,82,Obesity_Type_I,,,,100.004418,Obesity_Type_II,,,,111.829957,Obesity_Type_III,,,,75.480764,Overweight_Level_I,,,,80,Overweight_Level_II
49.649613,Insufficient_Weight,,,,64,Normal_Weight,,,,82,Obesity_Type_I,,,,104.578255,Obesity_Type_II,,,,111.86899,Obesity_Type_III,,,,54.93242,Overweight_Level_I,,,,80,Overweight_Level_II
49.603807,Insufficient_Weight,,,,59.8,Normal_Weight,,,,105.000789,Obesity_Type_I,,,,104.548794,Obesity_Type_II,,,,111.539494,Obesity_Type_III,,,,65,Overweight_Level_I,,,,79.165306,Overweight_Level_II
49.597765,Insufficient_Weight,,,,48,Normal_Weight,,,,118.560509,Obesity_Type_I,,,,112.000381,Obesity_Type_II,,,,111.914361,Obesity_Type_III,,,,62.339003,Overweight_Level_I,,,,80.539,Overweight_Level_II
50,Insufficient_Weight,,,,84,Normal_Weight,,,,116.893105,Obesity_Type_I,,,,112.10074,Obesity_Type_II,,,,105.031908,Obesity_Type_III,,,,73.193589,Overweight_Level_I,,,,65.031879,Overweight_Level_II
49.676046,Insufficient_Weight,,,,84,Normal_Weight,,,,80,Obesity_Type_I,,,,99.982541,Obesity_Type_II,,,,105.036075,Obesity_Type_III,,,,88.675503,Overweight_Level_I,,,,64.848627,Overweight_Level_II
50,Insufficient_Weight,,,,48,Normal_Weight,,,,75.410647,Obesity_Type_I,,,,97.582959,Obesity_Type_II,,,,106.875927,Obesity_Type_III,,,,63.320629,Overweight_Level_I,,,,63.65233,Overweight_Level_II
42.367615,Insufficient_Weight,,,,67,Normal_Weight,,,,97.185474,Obesity_Type_I,,,,129.991623,Obesity_Type_II,,,,108.265922,Obesity_Type_III,,,,69.529625,Overweight_Level_I,,,,64.814109,Overweight_Level_II
42,Insufficient_Weight,,,,62,Normal_Weight,,,,76.129784,Obesity_Type_I,,,,129.232216,Obesity_Type_II,,,,133.466763,Obesity_Type_III,,,,67.183128,Overweight_Level_I,,,,81.32297,Overweight_Level_II
42,Insufficient_Weight,,,,56,Normal_Weight,,,,76.126112,Obesity_Type_I,,,,118.07381,Obesity_Type_II,,,,131.274851,Obesity_Type_III,,,,70,Overweight_Level_I,,,,81.650778,Overweight_Level_II
59.409018,Insufficient_Weight,,,,68,Normal_Weight,,,,108.395005,Obesity_Type_I,,,,119.029103,Obesity_Type_II,,,,132.94066,Obesity_Type_III,,,,60.628321,Overweight_Level_I,,,,78.967919,Overweight_Level_II
59.295172,Insufficient_Weight,,,,74,Normal_Weight,,,,108.244379,Obesity_Type_I,,,,113.714521,Obesity_Type_II,,,,133.485478,Obesity_Type_III,,,,65,Overweight_Level_I,,,,80,Overweight_Level_II
59.258372,Insufficient_Weight,,,,60,Normal_Weight,,,,108.751502,Obesity_Type_I,,,,116.157766,Obesity_Type_II,,,,102.000122,Obesity_Type_III,,,,87.668828,Overweight_Level_I,,,,77.426465,Overweight_Level_II
50,Insufficient_Weight,,,,71,Normal_Weight,,,,86.242679,Obesity_Type_I,,,,120.980508,Obesity_Type_II,,,,102.134646,Obesity_Type_III,,,,73.641633,Overweight_Level_I,,,,77.13322,Overweight_Level_II
49.945233,Insufficient_Weight,,,,73,Normal_Weight,,,,91.267087,Obesity_Type_I,,,,120.988454,Obesity_Type_II,,,,154.618446,Obesity_Type_III,,,,80,Overweight_Level_I,,,,99,Overweight_Level_II
51.073918,Insufficient_Weight,,,,65,Normal_Weight,,,,89.991671,Obesity_Type_I,,,,120,Obesity_Type_II,,,,160.935351,Obesity_Type_III,,,,88.138777,Overweight_Level_I,,,,96.01851,Overweight_Level_II
50,Insufficient_Weight,,,,65,Normal_Weight,,,,84.493156,Obesity_Type_I,,,,118.548733,Obesity_Type_II,,,,111.999096,Obesity_Type_III,,,,79.544998,Overweight_Level_I,,,,71.728069,Overweight_Level_II
50,Insufficient_Weight,,,,51,Normal_Weight,,,,96.366777,Obesity_Type_I,,,,121.236915,Obesity_Type_II,,,,111.95611,Obesity_Type_III,,,,68.392133,Overweight_Level_I,,,,72.105856,Overweight_Level_II
50,Insufficient_Weight,,,,62,Normal_Weight,,,,99.204695,Obesity_Type_I,,,,120.431551,Obesity_Type_II,,,,104.592372,Obesity_Type_III,,,,76.699774,Overweight_Level_I,,,,78,Overweight_Level_II
39.850137,Insufficient_Weight,,,,53,Normal_Weight,,,,82.249831,Obesity_Type_I,,,,109.908779,Obesity_Type_II,,,,104.846817,Obesity_Type_III,,,,64.259379,Overweight_Level_I,,,,82.130728,Overweight_Level_II
39.371523,Insufficient_Weight,,,,70,Normal_Weight,,,,104.741914,Obesity_Type_I,,,,115.806977,Obesity_Type_II,,,,127.642324,Obesity_Type_III,,,,87.286783,Overweight_Level_I,,,,85,Overweight_Level_II
40.343463,Insufficient_Weight,,,,63,Normal_Weight,,,,105.025808,Obesity_Type_I,,,,122.119682,Obesity_Type_II,,,,125.418548,Obesity_Type_III,,,,86.981202,Overweight_Level_I,,,,85.050558,Overweight_Level_II
56.307019,Insufficient_Weight,,,,42.3,Normal_Weight,,,,106.042142,Obesity_Type_I,,,,122.609911,Obesity_Type_II,,,,110.81746,Obesity_Type_III,,,,70,Overweight_Level_I,,,,81.384224,Overweight_Level_II
60,Insufficient_Weight,,,,66.5,Normal_Weight,,,,100.624553,Obesity_Type_I,,,,100.618239,Obesity_Type_II,,,,110.804337,Obesity_Type_III,,,,70,Overweight_Level_I,,,,77.561602,Overweight_Level_II
58.621349,Insufficient_Weight,,,,63,Normal_Weight,,,,100.066268,Obesity_Type_I,,,,99.605527,Obesity_Type_II,,,,136.516648,Obesity_Type_III,,,,83.26312,Overweight_Level_I,,,,95.277392,Overweight_Level_II
60,Insufficient_Weight,,,,50,Normal_Weight,,,,78.030383,Obesity_Type_I,,,,112.471118,Obesity_Type_II,,,,137.852618,Obesity_Type_III,,,,75,Overweight_Level_I,,,,83.016968,Overweight_Level_II
58.325122,Insufficient_Weight,,,,58,Normal_Weight,,,,79.713492,Obesity_Type_I,,,,112.395309,Obesity_Type_II,,,,152.394739,Obesity_Type_III,,,,68.653347,Overweight_Level_I,,,,84.75383,Overweight_Level_II
59.612717,Insufficient_Weight,,,,66,Normal_Weight,,,,86.639861,Obesity_Type_I,,,,115.025361,Obesity_Type_II,,,,160.639405,Obesity_Type_III,,,,68.77185,Overweight_Level_I,,,,83,Overweight_Level_II
50.92538,Insufficient_Weight,,,,50,Normal_Weight,,,,81.978743,Obesity_Type_I,,,,114.906095,Obesity_Type_II,,,,133.554686,Obesity_Type_III,,,,86.522799,Overweight_Level_I,,,,74.433362,Overweight_Level_II
51.121749,Insufficient_Weight,,,,49,Normal_Weight,,,,82.414477,Obesity_Type_I,,,,109.349025,Obesity_Type_II,,,,133.843033,Obesity_Type_III,,,,86.748295,Overweight_Level_I,,,,72.467862,Overweight_Level_II
51.149283,Insufficient_Weight,,,,70,Normal_Weight,,,,82,Obesity_Type_I,,,,107.025415,Obesity_Type_II,,,,111.588625,Obesity_Type_III,,,,75.62931,Overweight_Level_I,,,,92.69551,Overweight_Level_II
44.188767,Insufficient_Weight,,,,59,Normal_Weight,,,,94.790579,Obesity_Type_I,,,,103.017623,Obesity_Type_II,,,,111.571076,Obesity_Type_III,,,,89.251639,Overweight_Level_I,,,,82.011962,Overweight_Level_II
45,Insufficient_Weight,,,,53,Normal_Weight,,,,95,Obesity_Type_I,,,,102.815983,Obesity_Type_II,,,,104.846218,Obesity_Type_III,,,,89.558854,Overweight_Level_I,,,,78.790936,Overweight_Level_II
45,Insufficient_Weight,,,,53,Normal_Weight,,,,89.139209,Obesity_Type_I,,,,129.679131,Obesity_Type_II,,,,104.92057,Obesity_Type_III,,,,75,Overweight_Level_I,,,,78.073528,Overweight_Level_II
42,Insufficient_Weight,,,,64,Normal_Weight,,,,90,Obesity_Type_I,,,,129.874864,Obesity_Type_II,,,,133.888629,Obesity_Type_III,,,,75.948164,Overweight_Level_I,,,,93.798055,Overweight_Level_II
42,Insufficient_Weight,,,,65,Normal_Weight,,,,82.628,Obesity_Type_I,,,,121.094257,Obesity_Type_II,,,,133.937873,Obesity_Type_III,,,,79.828725,Overweight_Level_I,,,,99.623778,Overweight_Level_II
42,Insufficient_Weight,,,,64,Normal_Weight,,,,84.49798,Obesity_Type_I,,,,123.721352,Obesity_Type_II,,,,102.083964,Obesity_Type_III,,,,75.306702,Overweight_Level_I,,,,82.853749,Overweight_Level_II
51.7325,Insufficient_Weight,,,,49,Normal_Weight,,,,79.661693,Obesity_Type_I,,,,118.332689,Obesity_Type_II,,,,102.174953,Obesity_Type_III,,,,74.812707,Overweight_Level_I,,,,84.315608,Overweight_Level_II
54.121925,Insufficient_Weight,,,,60,Normal_Weight,,,,80,Obesity_Type_I,,,,118.165082,Obesity_Type_II,,,,104.986792,Obesity_Type_III,,,,74.959747,Overweight_Level_I,,,,86.963628,Overweight_Level_II
50.157707,Insufficient_Weight,,,,52,Normal_Weight,,,,95.324282,Obesity_Type_I,,,,118.299585,Obesity_Type_II,,,,104.988082,Obesity_Type_III,,,,67.939653,Overweight_Level_I,,,,88.431954,Overweight_Level_II
54.997374,Insufficient_Weight,,,,72,Normal_Weight,,,,95.269089,Obesity_Type_I,,,,120.098812,Obesity_Type_II,,,,138.034526,Obesity_Type_III,,,,68.06609,Overweight_Level_I,,,,97.92035,Overweight_Level_II
49.980968,Insufficient_Weight,,,,47,Normal_Weight,,,,88.126544,Obesity_Type_I,,,,115.089316,Obesity_Type_II,,,,137.858254,Obesity_Type_III,,,,70,Overweight_Level_I,,,,88.03748,Overweight_Level_II
44.050251,Insufficient_Weight,,,,56,Normal_Weight,,,,87.676154,Obesity_Type_I,,,,115.828167,Obesity_Type_II,,,,151.417292,Obesity_Type_III,,,,63.183846,Overweight_Level_I,,,,86.319887,Overweight_Level_II
44.376637,Insufficient_Weight,,,,70,Normal_Weight,,,,85.583485,Obesity_Type_I,,,,112.536367,Obesity_Type_II,,,,152.567671,Obesity_Type_III,,,,62.871794,Overweight_Level_I,,,,68.85097,Overweight_Level_II
45,Insufficient_Weight,,,,67,Normal_Weight,,,,85.803809,Obesity_Type_I,,,,112.740797,Obesity_Type_II,,,,111.939671,Obesity_Type_III,,,,63.011645,Overweight_Level_I,,,,80.386078,Overweight_Level_II
41.557468,Insufficient_Weight,,,,60,Normal_Weight,,,,108.602715,Obesity_Type_I,,,,120.8158,Obesity_Type_II,,,,111.919155,Obesity_Type_III,,,,78.55444,Overweight_Level_I,,,,77.205685,Overweight_Level_II
41.96525,Insufficient_Weight,,,,66,Normal_Weight,,,,108.721893,Obesity_Type_I,,,,120.420406,Obesity_Type_II,,,,105.122109,Obesity_Type_III,,,,78.88036,Overweight_Level_I,,,,82.480214,Overweight_Level_II
49.815599,Insufficient_Weight,,,,50,Normal_Weight,,,,77.354744,Obesity_Type_I,,,,121.244969,Obesity_Type_II,,,,105.428628,Obesity_Type_III,,,,70,Overweight_Level_I,,,,86.94538,Overweight_Level_II
63.199726,Insufficient_Weight,,,,60,Normal_Weight,,,,79.493626,Obesity_Type_I,,,,120.901591,Obesity_Type_II,,,,104.774144,Obesity_Type_III,,,,70,Overweight_Level_I,,,,79.66832,Overweight_Level_II
51.256059,Insufficient_Weight,,,,71,Normal_Weight,,,,93.638318,Obesity_Type_I,,,,119.117122,Obesity_Type_II,,,,104.966758,Obesity_Type_III,,,,70,Overweight_Level_I,,,,89.802492,Overweight_Level_II
40.202773,Insufficient_Weight,,,,61,Normal_Weight,,,,93.429205,Obesity_Type_I,,,,118.565568,Obesity_Type_II,,,,109.931233,Obesity_Type_III,,,,70,Overweight_Level_I,,,,80,Overweight_Level_II
49.026214,Insufficient_Weight,,,,50,Normal_Weight,,,,80,Obesity_Type_I,,,,129.157346,Obesity_Type_II,,,,109.910012,Obesity_Type_III,,,,70,Overweight_Level_I,,,,101.544589,Overweight_Level_II
53.65727,Insufficient_Weight,,,,67,Normal_Weight,,,,80,Obesity_Type_I,,,,127.507411,Obesity_Type_II,,,,121.639178,Obesity_Type_III,,,,69.906708,Overweight_Level_I,,,,82.586893,Overweight_Level_II
50,Insufficient_Weight,,,,57,Normal_Weight,,,,90,Obesity_Type_I,,,,112.200812,Obesity_Type_II,,,,120.748213,Obesity_Type_III,,,,71.927379,Overweight_Level_I,,,,80,Overweight_Level_II
50,Insufficient_Weight,,,,62,Normal_Weight,,,,89.993812,Obesity_Type_I,,,,113.234349,Obesity_Type_II,,,,133.735889,Obesity_Type_III,,,,79.414603,Overweight_Level_I,,,,65.912688,Overweight_Level_II
50,Insufficient_Weight,,,,55,Normal_Weight,,,,95.564428,Obesity_Type_I,,,,117.398976,Obesity_Type_II,,,,133.886031,Obesity_Type_III,,,,80,Overweight_Level_I,,,,90.13868,Overweight_Level_II
51.552595,Insufficient_Weight,,,,55,Normal_Weight,,,,94.094184,Obesity_Type_I,,,,117.708705,Obesity_Type_II,,,,109.982692,Obesity_Type_III,,,,85,Overweight_Level_I,,,,67.083121,Overweight_Level_II
58.83071,Insufficient_Weight,,,,60,Normal_Weight,,,,90.575934,Obesity_Type_I,,,,117.651046,Obesity_Type_II,,,,110.400847,Obesity_Type_III,,,,85.073801,Overweight_Level_I,,,,87.27989,Overweight_Level_II
43.534531,Insufficient_Weight,,,,70,Normal_Weight,,,,98.021766,Obesity_Type_I,,,,116.974504,Obesity_Type_II,,,,110.777391,Obesity_Type_III,,,,85,Overweight_Level_I,,,,65.140408,Overweight_Level_II
56.029418,Insufficient_Weight,,,,61,Normal_Weight,,,,97.449743,Obesity_Type_I,,,,102.872802,Obesity_Type_II,,,,110.074946,Obesity_Type_III,,,,85.255631,Overweight_Level_I,,,,89.98168,Overweight_Level_II
55.967655,Insufficient_Weight,,,,58,Normal_Weight,,,,97.829344,Obesity_Type_I,,,,100.176866,Obesity_Type_II,,,,131.902591,Obesity_Type_III,,,,75.057177,Overweight_Level_I,,,,80.037202,Overweight_Level_II
50,Insufficient_Weight,,,,51,Normal_Weight,,,,102.265955,Obesity_Type_I,,,,121.658729,Obesity_Type_II,,,,131.877558,Obesity_Type_III,,,,68.016472,Overweight_Level_I,,,,85.743727,Overweight_Level_II
50,Insufficient_Weight,,,,79,Normal_Weight,,,,105.254354,Obesity_Type_I,,,,121.684311,Obesity_Type_II,,,,114.470482,Obesity_Type_III,,,,68.107866,Overweight_Level_I,,,,80,Overweight_Level_II
42.006282,Insufficient_Weight,,,,71,Normal_Weight,,,,82.954796,Obesity_Type_I,,,,121.835883,Obesity_Type_II,,,,113.90506,Obesity_Type_III,,,,77.956921,Overweight_Level_I,,,,88.096062,Overweight_Level_II
59.895052,Insufficient_Weight,,,,65,Normal_Weight,,,,83.1011,Obesity_Type_I,,,,121.421121,Obesity_Type_II,,,,128.114161,Obesity_Type_III,,,,77.965532,Overweight_Level_I,,,,83.337721,Overweight_Level_II
50.079991,Insufficient_Weight,,,,75,Normal_Weight,,,,82.967937,Obesity_Type_I,,,,98.54302,Obesity_Type_II,,,,128.763843,Obesity_Type_III,,,,87.105828,Overweight_Level_I,,,,78,Overweight_Level_II
50.631889,Insufficient_Weight,,,,58,Normal_Weight,,,,82.470375,Obesity_Type_I,,,,99.592225,Obesity_Type_II,,,,152.43563,Obesity_Type_III,,,,90.52446,Overweight_Level_I,,,,83.414072,Overweight_Level_II
39.695295,Insufficient_Weight,,,,53,Normal_Weight,,,,81.056851,Obesity_Type_I,,,,104.303711,Obesity_Type_II,,,,152.217135,Obesity_Type_III,,,,66.621646,Overweight_Level_I,,,,77.858532,Overweight_Level_II
60,Insufficient_Weight,,,,80,Normal_Weight,,,,80,Obesity_Type_I,,,,104.270062,Obesity_Type_II,,,,133.281333,Obesity_Type_III,,,,78.370039,Overweight_Level_I,,,,95.887056,Overweight_Level_II
59.990861,Insufficient_Weight,,,,70,Normal_Weight,,,,90,Obesity_Type_I,,,,112.173731,Obesity_Type_II,,,,133.936535,Obesity_Type_III,,,,78.300084,Overweight_Level_I,,,,90,Overweight_Level_II
52.514302,Insufficient_Weight,,,,55,Normal_Weight,,,,90,Obesity_Type_I,,,,112.007101,Obesity_Type_II,,,,113.372851,Obesity_Type_III,,,,80.091886,Overweight_Level_I,,,,78,Overweight_Level_II
44.661461,Insufficient_Weight,,,,49,Normal_Weight,,,,78,Obesity_Type_I,,,,113.089716,Obesity_Type_II,,,,113.451224,Obesity_Type_III,,,,75,Overweight_Level_I,,,,84.416515,Overweight_Level_II
42,Insufficient_Weight,,,,60,Normal_Weight,,,,79.109029,Obesity_Type_I,,,,112.226032,Obesity_Type_II,,,,111.927001,Obesity_Type_III,,,,75,Overweight_Level_I,,,,78,Overweight_Level_II
52.058335,Insufficient_Weight,,,,48,Normal_Weight,,,,99.860254,Obesity_Type_I,,,,102.022057,Obesity_Type_II,,,,111.933152,Obesity_Type_III,,,,74.244004,Overweight_Level_I,,,,80.993213,Overweight_Level_II
54.98234,Insufficient_Weight,,,,75,Normal_Weight,,,,99.430612,Obesity_Type_I,,,,100.543983,Obesity_Type_II,,,,111.856492,Obesity_Type_III,,,,82.045045,Overweight_Level_I,,,,84.722222,Overweight_Level_II
55.695253,Insufficient_Weight,,,,58,Normal_Weight,,,,82,Obesity_Type_I,,,,99.540122,Obesity_Type_II,,,,111.894229,Obesity_Type_III,,,,80.018571,Overweight_Level_I,,,,80.379575,Overweight_Level_II
56.265959,Insufficient_Weight,,,,62,Normal_Weight,,,,82,Obesity_Type_I,,,,99.709329,Obesity_Type_II,,,,104.790549,Obesity_Type_III,,,,75,Overweight_Level_I,,,,77.224574,Overweight_Level_II
51.437985,Insufficient_Weight,,,,57,Normal_Weight,,,,112.875283,Obesity_Type_I,,,,129.349471,Obesity_Type_II,,,,104.791035,Obesity_Type_III,,,,85,Overweight_Level_I,,,,81.92991,Overweight_Level_II
49.803921,Insufficient_Weight,,,,56,Normal_Weight,,,,118.183797,Obesity_Type_I,,,,129.966428,Obesity_Type_II,,,,107.012256,Obesity_Type_III,,,,65.363941,Overweight_Level_I,,,,60.117993,Overweight_Level_II
51.881263,Insufficient_Weight,,,,63,Normal_Weight,,,,90.671871,Obesity_Type_I,,,,124.070717,Obesity_Type_II,,,,106.69053,Obesity_Type_III,,,,73.575981,Overweight_Level_I,,,,64.342459,Overweight_Level_II
44.236067,Insufficient_Weight,,,,72,Normal_Weight,,,,92.949254,Obesity_Type_I,,,,123.172214,Obesity_Type_II,,,,131.76807,Obesity_Type_III,,,,69.168978,Overweight_Level_I,,,,81.66995,Overweight_Level_II
42.993937,Insufficient_Weight,,,,75,Normal_Weight,,,,106.528811,Obesity_Type_I,,,,119.205308,Obesity_Type_II,,,,131.042274,Obesity_Type_III,,,,75.383716,Overweight_Level_I,,,,79.278896,Overweight_Level_II
44.00945,Insufficient_Weight,,,,70,Normal_Weight,,,,106.048516,Obesity_Type_I,,,,118.237782,Obesity_Type_II,,,,132.8071,Obesity_Type_III,,,,55.523481,Overweight_Level_I,,,,77.098973,Overweight_Level_II
42.3601,Insufficient_Weight,,,,45,Normal_Weight,,,,105.042194,Obesity_Type_I,,,,117.8972,Obesity_Type_II,,,,133.166595,Obesity_Type_III,,,,55.376512,Overweight_Level_I,,,,97.029249,Overweight_Level_II
44.594588,Insufficient_Weight,,,,67,Normal_Weight,,,,105.000276,Obesity_Type_I,,,,118.668332,Obesity_Type_II,,,,102.233445,Obesity_Type_III,,,,65,Overweight_Level_I,,,,75.090439,Overweight_Level_II
44.918255,Insufficient_Weight,,,,75,Normal_Weight,,,,109.207614,Obesity_Type_I,,,,116.311962,Obesity_Type_II,,,,102.277765,Obesity_Type_III,,,,63.597633,Overweight_Level_I,,,,78,Overweight_Level_II
45,Insufficient_Weight,,,,72,Normal_Weight,,,,109.195529,Obesity_Type_I,,,,116.669906,Obesity_Type_II,,,,102.874549,Obesity_Type_III,,,,62.877347,Overweight_Level_I,,,,88.600878,Overweight_Level_II
42.12617,Insufficient_Weight,,,,58,Normal_Weight,,,,82,Obesity_Type_I,,,,115.382519,Obesity_Type_II,,,,102.305767,Obesity_Type_III,,,,73.91692,Overweight_Level_I,,,,84.064875,Overweight_Level_II
42.069992,Insufficient_Weight,,,,55.3,Normal_Weight,,,,82.323954,Obesity_Type_I,,,,116.164351,Obesity_Type_II,,,,141.917802,Obesity_Type_III,,,,86.098523,Overweight_Level_I,,,,79.67793,Overweight_Level_II
41.706283,Insufficient_Weight,,,,74,Normal_Weight,,,,105.000706,Obesity_Type_I,,,,120.975489,Obesity_Type_II,,,,140.292018,Obesity_Type_III,,,,87.083266,Overweight_Level_I,,,,78.637307,Overweight_Level_II
42,Insufficient_Weight,,,,56,Normal_Weight,,,,105.000097,Obesity_Type_I,,,,120.805715,Obesity_Type_II,,,,152.371911,Obesity_Type_III,,,,62.211572,Overweight_Level_I,,,,96.945262,Overweight_Level_II
44.810751,Insufficient_Weight,,,,75,Normal_Weight,,,,121.657979,Obesity_Type_I,,,,120.998266,Obesity_Type_II,,,,151.278532,Obesity_Type_III,,,,67.913561,Overweight_Level_I,,,,83.001642,Overweight_Level_II
41.952805,Insufficient_Weight,,,,56,Normal_Weight,,,,120.702935,Obesity_Type_I,,,,120.996581,Obesity_Type_II,,,,111.949972,Obesity_Type_III,,,,67.439589,Overweight_Level_I,,,,80.993373,Overweight_Level_II
42,Insufficient_Weight,,,,65,Normal_Weight,,,,80,Obesity_Type_I,,,,120.751656,Obesity_Type_II,,,,111.950113,Obesity_Type_III,,,,65,Overweight_Level_I,,,,73.939268,Overweight_Level_II
42,Insufficient_Weight,,,,64.4,Normal_Weight,,,,80,Obesity_Type_I,,,,120.794535,Obesity_Type_II,,,,111.216192,Obesity_Type_III,,,,68.818893,Overweight_Level_I,,,,92.368359,Overweight_Level_II
51.107925,Insufficient_Weight,,,,72,Normal_Weight,,,,98.296651,Obesity_Type_I,,,,119.373019,Obesity_Type_II,,,,111.036881,Obesity_Type_III,,,,69.975607,Overweight_Level_I,,,,83.520113,Overweight_Level_II
50.479039,Insufficient_Weight,,,,50,Normal_Weight,,,,99.544696,Obesity_Type_I,,,,118.805937,Obesity_Type_II,,,,104.759643,Obesity_Type_III,,,,61.10403,Overweight_Level_I,,,,79.752916,Overweight_Level_II
50,Insufficient_Weight,,,,66,Normal_Weight,,,,75.150345,Obesity_Type_I,,,,117.368716,Obesity_Type_II,,,,104.593929,Obesity_Type_III,,,,60.267427,Overweight_Level_I,,,,97.58826,Overweight_Level_II
61.411141,Insufficient_Weight,,,,55,Normal_Weight,,,,76.642944,Obesity_Type_I,,,,117.326523,Obesity_Type_II,,,,104.704707,Obesity_Type_III,,,,65,Overweight_Level_I,,,,86.565148,Overweight_Level_II
61.264785,Insufficient_Weight,,,,47,Normal_Weight,,,,108.413119,Obesity_Type_I,,,,119.441207,Obesity_Type_II,,,,104.768318,Obesity_Type_III,,,,87.85785,Overweight_Level_I,,,,84.773349,Overweight_Level_II
58.585146,Insufficient_Weight,,,,80,Normal_Weight,,,,108.204547,Obesity_Type_I,,,,119.192922,Obesity_Type_II,,,,126.490236,Obesity_Type_III,,,,75.920519,Overweight_Level_I,,,,86.0805,Overweight_Level_II
52,Insufficient_Weight,,,,70,Normal_Weight,,,,109.411622,Obesity_Type_I,,,,108.012603,Obesity_Type_II,,,,125.117633,Obesity_Type_III,,,,80,Overweight_Level_I,,,,92.860254,Overweight_Level_II
51.710723,Insufficient_Weight,,,,60,Normal_Weight,,,,109.599453,Obesity_Type_I,,,,106.421042,Obesity_Type_II,,,,130.986338,Obesity_Type_III,,,,80,Overweight_Level_I,,,,88.532032,Overweight_Level_II
51.692272,Insufficient_Weight,,,,53,Normal_Weight,,,,90.004046,Obesity_Type_I,,,,102.523111,Obesity_Type_II,,,,130.871127,Obesity_Type_III,,,,85.196279,Overweight_Level_I,,,,71.799982,Overweight_Level_II
41.669346,Insufficient_Weight,,,,51,Normal_Weight,,,,91.499683,Obesity_Type_I,,,,103.067766,Obesity_Type_II,,,,111.00492,Obesity_Type_III,,,,86.144904,Overweight_Level_I,,,,79.437921,Overweight_Level_II
41.934368,Insufficient_Weight,,,,59,Normal_Weight,,,,89.738596,Obesity_Type_I,,,,121.560938,Obesity_Type_II,,,,110.640929,Obesity_Type_III,,,,78.721696,Overweight_Level_I,,,,84.557797,Overweight_Level_II
41.535047,Insufficient_Weight,,,,56,Normal_Weight,,,,89.048151,Obesity_Type_I,,,,121.737836,Obesity_Type_II,,,,110.818757,Obesity_Type_III,,,,79.989789,Overweight_Level_I,,,,85.720788,Overweight_Level_II
49.804245,Insufficient_Weight,,,,48,Normal_Weight,,,,84.210535,Obesity_Type_I,,,,122.06261,Obesity_Type_II,,,,110.803117,Obesity_Type_III,,,,69.3899,Overweight_Level_I,,,,89.667406,Overweight_Level_II
49.105025,Insufficient_Weight,,,,75,Normal_Weight,,,,84.897738,Obesity_Type_I,,,,121.458232,Obesity_Type_II,,,,134.842656,Obesity_Type_III,,,,75,Overweight_Level_I,,,,89.673648,Overweight_Level_II
49.125955,Insufficient_Weight,,,,80,Normal_Weight,,,,97.971598,Obesity_Type_I,,,,100.783434,Obesity_Type_II,,,,135.346677,Obesity_Type_III,,,,57.259124,Overweight_Level_I,,,,80,Overweight_Level_II
50.173425,Insufficient_Weight,,,,68,Normal_Weight,,,,99.530971,Obesity_Type_I,,,,100.209405,Obesity_Type_II,,,,133.878843,Obesity_Type_III,,,,87.032398,Overweight_Level_I,,,,80.005809,Overweight_Level_II
54.567343,Insufficient_Weight,,,,60,Normal_Weight,,,,82.403076,Obesity_Type_I,,,,103.393354,Obesity_Type_II,,,,133.662583,Obesity_Type_III,,,,87.107317,Overweight_Level_I,,,,99.812443,Overweight_Level_II
51.607091,Insufficient_Weight,,,,58,Normal_Weight,,,,82.459577,Obesity_Type_I,,,,100.642257,Obesity_Type_II,,,,137.785027,Obesity_Type_III,,,,70,Overweight_Level_I,,,,83.390983,Overweight_Level_II
49.895716,Insufficient_Weight,,,,56,Normal_Weight,,,,105.257543,Obesity_Type_I,,,,113.501549,Obesity_Type_II,,,,135.693381,Obesity_Type_III,,,,70,Overweight_Level_I,,,,83.314157,Overweight_Level_II
50,Insufficient_Weight,,,,70,Normal_Weight,,,,103.705418,Obesity_Type_I,,,,113.215814,Obesity_Type_II,,,,153.959945,Obesity_Type_III,,,,85.770013,Overweight_Level_I,,,,80,Overweight_Level_II
49.713944,Insufficient_Weight,,,,60,Normal_Weight,,,,105.131956,Obesity_Type_I,,,,112.323213,Obesity_Type_II,,,,155.242672,Obesity_Type_III,,,,75.399191,Overweight_Level_I,,,,80,Overweight_Level_II
49.558304,Insufficient_Weight,,,,68,Normal_Weight,,,,105.479313,Obesity_Type_I,,,,112.277567,Obesity_Type_II,,,,133.644711,Obesity_Type_III,,,,75.0522,Overweight_Level_I,,,,65.293179,Overweight_Level_II
46.062954,Insufficient_Weight,,,,70,Normal_Weight,,,,105.436173,Obesity_Type_I,,,,115.347176,Obesity_Type_II,,,,133.903612,Obesity_Type_III,,,,68.981403,Overweight_Level_I,,,,83.282232,Overweight_Level_II
50.424661,Insufficient_Weight,,,,70,Normal_Weight,,,,105.800158,Obesity_Type_I,,,,114.534678,Obesity_Type_II,,,,133.618706,Obesity_Type_III,,,,88.633616,Overweight_Level_I,,,,91.798103,Overweight_Level_II
51.216463,Insufficient_Weight,,,,75,Normal_Weight,,,,105.19936,Obesity_Type_I,,,,114.187096,Obesity_Type_II,,,,133.903469,Obesity_Type_III,,,,86.934846,Overweight_Level_I,,,,64.696248,Overweight_Level_II
50,Insufficient_Weight,,,,56,Normal_Weight,,,,103.771371,Obesity_Type_I,,,,114.144378,Obesity_Type_II,,,,111.883747,Obesity_Type_III,,,,80.914382,Overweight_Level_I,,,,62.894283,Overweight_Level_II
52.09432,Insufficient_Weight,,,,60,Normal_Weight,,,,103.586342,Obesity_Type_I,,,,111.635463,Obesity_Type_II,,,,111.9307,Obesity_Type_III,,,,85.316125,Overweight_Level_I,,,,87.861431,Overweight_Level_II
51.524444,Insufficient_Weight,,,,45,Normal_Weight,,,,96.303855,Obesity_Type_I,,,,111.950413,Obesity_Type_II,,,,111.830924,Obesity_Type_III,,,,85.228116,Overweight_Level_I,,,,70.442775,Overweight_Level_II
51.132809,Insufficient_Weight,,,,53,Normal_Weight,,,,77.647716,Obesity_Type_I,,,,109.758736,Obesity_Type_II,,,,111.841706,Obesity_Type_III,,,,75,Overweight_Level_I,,,,67.473282,Overweight_Level_II
52.08657,Insufficient_Weight,,,,69.5,Normal_Weight,,,,78.435904,Obesity_Type_I,,,,111.169678,Obesity_Type_II,,,,104.810024,Obesity_Type_III,,,,80,Overweight_Level_I,,,,89.998729,Overweight_Level_II
58.913579,Insufficient_Weight,,,,55,Normal_Weight,,,,80.726195,Obesity_Type_I,,,,103.743534,Obesity_Type_II,,,,104.881994,Obesity_Type_III,,,,75.371244,Overweight_Level_I,,,,89.836692,Overweight_Level_II
58.19515,Insufficient_Weight,,,,59,Normal_Weight,,,,81.718232,Obesity_Type_I,,,,103.250355,Obesity_Type_II,,,,104.936381,Obesity_Type_III,,,,75,Overweight_Level_I,,,,80.473587,Overweight_Level_II
57.275946,Insufficient_Weight,,,,60,Normal_Weight,,,,81.918809,Obesity_Type_I,,,,102.004554,Obesity_Type_II,,,,105.013901,Obesity_Type_III,,,,74.885222,Overweight_Level_I,,,,80.939733,Overweight_Level_II
42.656563,Insufficient_Weight,,,,60,Normal_Weight,,,,80.986496,Obesity_Type_I,,,,102.592171,Obesity_Type_II,,,,133.45249,Obesity_Type_III,,,,68.058902,Overweight_Level_I,,,,84.849349,Overweight_Level_II
44.762023,Insufficient_Weight,,,,82,Normal_Weight,,,,81.919454,Obesity_Type_I,,,,127.161381,Obesity_Type_II,,,,133.478611,Obesity_Type_III,,,,68.908136,Overweight_Level_I,,,,83.986714,Overweight_Level_II
45.248627,Insufficient_Weight,,,,73,Normal_Weight,,,,80.086524,Obesity_Type_I,,,,129.013178,Obesity_Type_II,,,,133.747012,Obesity_Type_III,,,,68.865008,Overweight_Level_I,,,,78.008388,Overweight_Level_II
59.881316,Insufficient_Weight,,,,66.5,Normal_Weight,,,,82,Obesity_Type_I,,,,129.19449,Obesity_Type_II,,,,133.676663,Obesity_Type_III,,,,69.463458,Overweight_Level_I,,,,91.052215,Overweight_Level_II
59.605028,Insufficient_Weight,,,,79,Normal_Weight,,,,82.283185,Obesity_Type_I,,,,129.232708,Obesity_Type_II,,,,102.363149,Obesity_Type_III,,,,62.341438,Overweight_Level_I,,,,80.420434,Overweight_Level_II
55.511075,Insufficient_Weight,,,,55,Normal_Weight,,,,82.636162,Obesity_Type_I,,,,120.60094,Obesity_Type_II,,,,102.320437,Obesity_Type_III,,,,62.855073,Overweight_Level_I,,,,78.041338,Overweight_Level_II
54.835576,Insufficient_Weight,,,,66,Normal_Weight,,,,82.410189,Obesity_Type_I,,,,120.158049,Obesity_Type_II,,,,102.686908,Obesity_Type_III,,,,62.417228,Overweight_Level_I,,,,83.285753,Overweight_Level_II
55.003417,Insufficient_Weight,,,,85,Normal_Weight,,,,97.959899,Obesity_Type_I,,,,120.613561,Obesity_Type_II,,,,102.555691,Obesity_Type_III,,,,78.997062,Overweight_Level_I,,,,77.473204,Overweight_Level_II
54.877111,Insufficient_Weight,,,,72,Normal_Weight,,,,98.44113,Obesity_Type_I,,,,120.344402,Obesity_Type_II,,,,104.94582,Obesity_Type_III,,,,78.429312,Overweight_Level_I,,,,95.952027,Overweight_Level_II
49.650897,Insufficient_Weight,,,,58,Normal_Weight,,,,88.129437,Obesity_Type_I,,,,119.622764,Obesity_Type_II,,,,104.854928,Obesity_Type_III,,,,70,Overweight_Level_I,,,,91.363293,Overweight_Level_II
49.928447,Insufficient_Weight,,,,53.8,Normal_Weight,,,,88.026943,Obesity_Type_I,,,,119.956651,Obesity_Type_II,,,,105.313967,Obesity_Type_III,,,,70,Overweight_Level_I,,,,85.137113,Overweight_Level_II
49.699672,Insufficient_Weight,,,,70,Normal_Weight,,,,86.002736,Obesity_Type_I,,,,117.631707,Obesity_Type_II,,,,104.999403,Obesity_Type_III,,,,70,Overweight_Level_I,,,,89.909259,Overweight_Level_II
50.088468,Insufficient_Weight,,,,60,Normal_Weight,,,,85.568385,Obesity_Type_I,,,,117.75701,Obesity_Type_II,,,,138.202869,Obesity_Type_III,,,,70,Overweight_Level_I,,,,81.108599,Overweight_Level_II
49.98297,Insufficient_Weight,,,,69,Normal_Weight,,,,84.191125,Obesity_Type_I,,,,118.114184,Obesity_Type_II,,,,138.143162,Obesity_Type_III,,,,69.242354,Overweight_Level_I,,,,84.451423,Overweight_Level_II
50,Insufficient_Weight,,,,80,Normal_Weight,,,,84.134712,Obesity_Type_I,,,,117.86159,Obesity_Type_II,,,,137.832414,Obesity_Type_III,,,,71.81338,Overweight_Level_I,,,,78.434492,Overweight_Level_II
42.541794,Insufficient_Weight,,,,55,Normal_Weight,,,,77.550345,Obesity_Type_I,,,,120.699119,Obesity_Type_II,,,,137.79299,Obesity_Type_III,,,,79.469513,Overweight_Level_I,,,,80.400306,Overweight_Level_II
42,Insufficient_Weight,,,,70,Normal_Weight,,,,76.202761,Obesity_Type_I,,,,119.484614,Obesity_Type_II,,,,141.799429,Obesity_Type_III,,,,85.084364,Overweight_Level_I,,,,85,Overweight_Level_II
42,Insufficient_Weight,,,,59,Normal_Weight,,,,95,Obesity_Type_I,,,,114.163921,Obesity_Type_II,,,,142.545183,Obesity_Type_III,,,,85.302146,Overweight_Level_I,,,,80,Overweight_Level_II
59.313525,Insufficient_Weight,,,,87,Normal_Weight,,,,94.743892,Obesity_Type_I,,,,114.254278,Obesity_Type_II,,,,153.149491,Obesity_Type_III,,,,75,Overweight_Level_I,,,,79.863546,Overweight_Level_II
59.619485,Insufficient_Weight,,,,55,Normal_Weight,,,,96.078462,Obesity_Type_I,,,,115.10813,Obesity_Type_II,,,,152.473675,Obesity_Type_III,,,,67.773914,Overweight_Level_I,,,,79.849252,Overweight_Level_II
59.20945,Insufficient_Weight,,,,56,Normal_Weight,,,,97.842406,Obesity_Type_I,,,,115.45845,Obesity_Type_II,,,,111.946321,Obesity_Type_III,,,,67.999778,Overweight_Level_I,,,,80.311273,Overweight_Level_II
50,Insufficient_Weight,,,,64,Normal_Weight,,,,88.119139,Obesity_Type_I,,,,112.348722,Obesity_Type_II,,,,111.945588,Obesity_Type_III,,,,75.142858,Overweight_Level_I,,,,63.892071,Overweight_Level_II
50.165754,Insufficient_Weight,,,,60,Normal_Weight,,,,88.079177,Obesity_Type_I,,,,112.409191,Obesity_Type_II,,,,111.720238,Obesity_Type_III,,,,75.688433,Overweight_Level_I,,,,63.715219,Overweight_Level_II
51.491957,Insufficient_Weight,,,,56,Normal_Weight,,,,82.144405,Obesity_Type_I,,,,113.15464,Obesity_Type_II,,,,111.682693,Obesity_Type_III,,,,89.429199,Overweight_Level_I,,,,62.269912,Overweight_Level_II
50,Insufficient_Weight,,,,50,Normal_Weight,,,,82.01831,Obesity_Type_I,,,,113.235538,Obesity_Type_II,,,,104.947703,Obesity_Type_III,,,,67.140367,Overweight_Level_I,,,,64.852953,Overweight_Level_II
50.279053,Insufficient_Weight,,,,65,Normal_Weight,,,,106.452367,Obesity_Type_I,,,,121.065052,Obesity_Type_II,,,,105.036522,Obesity_Type_III,,,,66.126964,Overweight_Level_I,,,,81.022119,Overweight_Level_II
50,Insufficient_Weight,,,,60,Normal_Weight,,,,107.55963,Obesity_Type_I,,,,120.872294,Obesity_Type_II,,,,105.407313,Obesity_Type_III,,,,77.97917,Overweight_Level_I,,,,82.338464,Overweight_Level_II
41.220175,Insufficient_Weight,,,,45,Normal_Weight,,,,77.601483,Obesity_Type_I,,,,120.423567,Obesity_Type_II,,,,105.359688,Obesity_Type_III,,,,78.664618,Overweight_Level_I,,,,78.156035,Overweight_Level_II
39.101805,Insufficient_Weight,,,,82,Normal_Weight,,,,77.684229,Obesity_Type_I,,,,119.841446,Obesity_Type_II,,,,104.835346,Obesity_Type_III,,,,80.113493,Overweight_Level_I,,,,79.079738,Overweight_Level_II
41.268597,Insufficient_Weight,,,,63,Normal_Weight,,,,91.204753,Obesity_Type_I,,,,121.284533,Obesity_Type_II,,,,104.838425,Obesity_Type_III,,,,75,Overweight_Level_I,,,,77.392179,Overweight_Level_II
55.3707,Insufficient_Weight,,,,71,Normal_Weight,,,,91.068054,Obesity_Type_I,,,,121.527369,Obesity_Type_II,,,,104.807284,Obesity_Type_III,,,,75,Overweight_Level_I,,,,79.697278,Overweight_Level_II
60,Insufficient_Weight,,,,65,Normal_Weight,,,,80,Obesity_Type_I,,,,120.921535,Obesity_Type_II,,,,104.772164,Obesity_Type_III,,,,71.170001,Overweight_Level_I,,,,98.259423,Overweight_Level_II
58.673963,Insufficient_Weight,,,,69,Normal_Weight,,,,80,Obesity_Type_I,,,,120.919703,Obesity_Type_II,,,,110.930509,Obesity_Type_III,,,,82.329047,Overweight_Level_I,,,,97.416417,Overweight_Level_II
59.933015,Insufficient_Weight,,,,50,Normal_Weight,,,,90,Obesity_Type_I,,,,120.009392,Obesity_Type_II,,,,110.621723,Obesity_Type_III,,,,82.694689,Overweight_Level_I,,,,71.788181,Overweight_Level_II
58.443049,Insufficient_Weight,,,,68,Normal_Weight,,,,89.994351,Obesity_Type_I,,,,120.209711,Obesity_Type_II,,,,110.10589,Obesity_Type_III,,,,75,Overweight_Level_I,,,,72.713611,Overweight_Level_II
59.243506,Insufficient_Weight,,,,66,Normal_Weight,,,,94.256547,Obesity_Type_I,,,,118.26569,Obesity_Type_II,,,,110.074019,Obesity_Type_III,,,,85.301029,Overweight_Level_I,,,,78.048207,Overweight_Level_II
50.664459,Insufficient_Weight,,,,60,Normal_Weight,,,,94.454394,Obesity_Type_I,,,,118.370628,Obesity_Type_II,,,,127.427458,Obesity_Type_III,,,,65.423942,Overweight_Level_I,,,,84.729197,Overweight_Level_II
51.314659,Insufficient_Weight,,,,45,Normal_Weight,,,,100.431625,Obesity_Type_I,,,,125.077863,Obesity_Type_II,,,,126.088301,Obesity_Type_III,,,,72.906186,Overweight_Level_I,,,,85,Overweight_Level_II
50.951444,Insufficient_Weight,,,,60,Normal_Weight,,,,98.790167,Obesity_Type_I,,,,125.973927,Obesity_Type_II,,,,121.889803,Obesity_Type_III,,,,75.093569,Overweight_Level_I,,,,85.002884,Overweight_Level_II
44.316254,Insufficient_Weight,,,,55,Normal_Weight,,,,95.285898,Obesity_Type_I,,,,124.95278,Obesity_Type_II,,,,122.813033,Obesity_Type_III,,,,75.828119,Overweight_Level_I,,,,80.790813,Overweight_Level_II
44.753943,Insufficient_Weight,,,,68,Normal_Weight,,,,95.290429,Obesity_Type_I,,,,126.418413,Obesity_Type_II,,,,133.870501,Obesity_Type_III,,,,53.620604,Overweight_Level_I,,,,77.431678,Overweight_Level_II
45,Insufficient_Weight,,,,86,Normal_Weight,,,,98.579156,Obesity_Type_I,,,,113.069667,Obesity_Type_II,,,,133.259033,Obesity_Type_III,,,,55.822119,Overweight_Level_I,,,,95.419668,Overweight_Level_II
42,Insufficient_Weight,,,,51,Normal_Weight,,,,98.182498,Obesity_Type_I,,,,112.835195,Obesity_Type_II,,,,131.567481,Obesity_Type_III,,,,65.062945,Overweight_Level_I,,,,83.014033,Overweight_Level_II
42,Insufficient_Weight,,,,75,Normal_Weight,,,,101.285765,Obesity_Type_I,,,,114.067936,Obesity_Type_II,,,,131.929712,Obesity_Type_III,,,,65.127324,Overweight_Level_I,,,,84.783756,Overweight_Level_II
42,Insufficient_Weight,,,,75,Normal_Weight,,,,99.199287,Obesity_Type_I,,,,114.004832,Obesity_Type_II,,,,109.996742,Obesity_Type_III,,,,73.501233,Overweight_Level_I,,,,83.3258,Overweight_Level_II
52.289828,Insufficient_Weight,,,,51.5,Normal_Weight,,,,83.785312,Obesity_Type_I,,,,117.93329,Obesity_Type_II,,,,109.978402,Obesity_Type_III,,,,89.754302,Overweight_Level_I,,,,73.513873,Overweight_Level_II
53.783977,Insufficient_Weight,,,,51,Normal_Weight,,,,82.012637,Obesity_Type_I,,,,117.849351,Obesity_Type_II,,,,111.157811,Obesity_Type_III,,,,62.631382,Overweight_Level_I,,,,72.9518,Overweight_Level_II
50.248677,Insufficient_Weight,,,,64,Normal_Weight,,,,82.528575,Obesity_Type_I,,,,118.332966,Obesity_Type_II,,,,110.919646,Obesity_Type_III,,,,69.575315,Overweight_Level_I,,,,91.495718,Overweight_Level_II
,,,,,56,Normal_Weight,,,,82.368441,Obesity_Type_I,,,,118.377601,Obesity_Type_II,,,,111.275646,Obesity_Type_III,,,,66.738769,Overweight_Level_I,,,,82.085549,Overweight_Level_II
,,,,,65,Normal_Weight,,,,82.595793,Obesity_Type_I,,,,118.40174,Obesity_Type_II,,,,111.531208,Obesity_Type_III,,,,67.193585,Overweight_Level_I,,,,79.621463,Overweight_Level_II
,,,,,50,Normal_Weight,,,,82.46376,Obesity_Type_I,,,,119.201465,Obesity_Type_II,,,,109.984263,Obesity_Type_III,,,,70,Overweight_Level_I,,,,78.025625,Overweight_Level_II
,,,,,50,Normal_Weight,,,,80,Obesity_Type_I,,,,117.792268,Obesity_Type_II,,,,110.168166,Obesity_Type_III,,,,61.616,Overweight_Level_I,,,,93.614246,Overweight_Level_II
,,,,,64,Normal_Weight,,,,80,Obesity_Type_I,,,,118.134898,Obesity_Type_II,,,,132.116491,Obesity_Type_III,,,,63.856193,Overweight_Level_I,,,,99.083478,Overweight_Level_II
,,,,,53.5,Normal_Weight,,,,79.760922,Obesity_Type_I,,,,101.038263,Obesity_Type_II,,,,132.054793,Obesity_Type_III,,,,65,Overweight_Level_I,,,,82.27635,Overweight_Level_II
,,,,,73,Normal_Weight,,,,79.843221,Obesity_Type_I,,,,103.180918,Obesity_Type_II,,,,132.262558,Obesity_Type_III,,,,65,Overweight_Level_I,,,,83.986895,Overweight_Level_II
,,,,,75,Normal_Weight,,,,90,Obesity_Type_I,,,,103.276087,Obesity_Type_II,,,,133.10761,Obesity_Type_III,,,,87.070234,Overweight_Level_I,,,,86.372141,Overweight_Level_II
,,,,,84,Normal_Weight,,,,90,Obesity_Type_I,,,,102.784864,Obesity_Type_II,,,,114.479459,Obesity_Type_III,,,,74.147443,Overweight_Level_I,,,,87.906019,Overweight_Level_II
,,,,,50,Normal_Weight,,,,78.089575,Obesity_Type_I,,,,121.04172,Obesity_Type_II,,,,114.482386,Obesity_Type_III,,,,73.810728,Overweight_Level_I,,,,98.912261,Overweight_Level_II
,,,,,68,Normal_Weight,,,,80.535698,Obesity_Type_I,,,,121.248035,Obesity_Type_II,,,,113.774198,Obesity_Type_III,,,,80,Overweight_Level_I,,,,89.393589,Overweight_Level_II
,,,,,65,Normal_Weight,,,,102.950929,Obesity_Type_I,,,,119.081804,Obesity_Type_II,,,,112.982549,Obesity_Type_III,,,,89.496905,Overweight_Level_I,,,,85.261339,Overweight_Level_II
,,,,,66,Normal_Weight,,,,103.605896,Obesity_Type_I,,,,118.436166,Obesity_Type_II,,,,128.705761,Obesity_Type_III,,,,87.656029,Overweight_Level_I,,,,69.936073,Overweight_Level_II
,,,,,60,Normal_Weight,,,,96.875502,Obesity_Type_I,,,,121.310257,Obesity_Type_II,,,,126.798173,Obesity_Type_III,,,,79.349221,Overweight_Level_I,,,,80.135167,Overweight_Level_II
,,,,,45,Normal_Weight,,,,96.738014,Obesity_Type_I,,,,121.471077,Obesity_Type_II,,,,128.148108,Obesity_Type_III,,,,68.250249,Overweight_Level_I,,,,77.355417,Overweight_Level_II
,,,,,,,,,,78.997166,Obesity_Type_I,,,,120.775439,Obesity_Type_II,,,,129.466541,Obesity_Type_III,,,,75.816864,Overweight_Level_I,,,,82.52724,Overweight_Level_II
,,,,,,,,,,80.553067,Obesity_Type_I,,,,120.337664,Obesity_Type_II,,,,147.296186,Obesity_Type_III,,,,75.970712,Overweight_Level_I,,,,86.464843,Overweight_Level_II
,,,,,,,,,,105.686091,Obesity_Type_I,,,,100.245302,Obesity_Type_II,,,,142.559161,Obesity_Type_III,,,,64.726948,Overweight_Level_I,,,,80.413997,Overweight_Level_II
,,,,,,,,,,105.619143,Obesity_Type_I,,,,100.078367,Obesity_Type_II,,,,150.51648,Obesity_Type_III,,,,,,,,,,
,,,,,,,,,,115.627554,Obesity_Type_I,,,,101.141277,Obesity_Type_II,,,,150.37757,Obesity_Type_III,,,,,,,,,,
,,,,,,,,,,111.235188,Obesity_Type_I,,,,102.583895,Obesity_Type_II,,,,133.779919,Obesity_Type_III,,,,,,,,,,
,,,,,,,,,,90.019501,Obesity_Type_I,,,,105.580491,Obesity_Type_II,,,,133.017105,Obesity_Type_III,,,,,,,,,,
,,,,,,,,,,90.924208,Obesity_Type_I,,,,101.067988,Obesity_Type_II,,,,133.845064,Obesity_Type_III,,,,,,,,,,
,,,,,,,,,,93.890682,Obesity_Type_I,,,,104.321463,Obesity_Type_II,,,,133.955091,Obesity_Type_III,,,,,,,,,,
,,,,,,,,,,92.508122,Obesity_Type_I,,,,102.59518,Obesity_Type_II,,,,113.077187,Obesity_Type_III,,,,,,,,,,
,,,,,,,,,,105.055686,Obesity_Type_I,,,,,,,,,112.555456,Obesity_Type_III,,,,,,,,,,
,,,,,,,,,,105.028665,Obesity_Type_I,,,,,,,,,112.249699,Obesity_Type_III,,,,,,,,,,
,,,,,,,,,,106.329569,Obesity_Type_I,,,,,,,,,112.098616,Obesity_Type_III,,,,,,,,,,
,,,,,,,,,,105.966894,Obesity_Type_I,,,,,,,,,111.821817,Obesity_Type_III,,,,,,,,,,
,,,,,,,,,,104.97003,Obesity_Type_I,,,,,,,,,111.863186,Obesity_Type_III,,,,,,,,,,
,,,,,,,,,,102.921218,Obesity_Type_I,,,,,,,,,111.878132,Obesity_Type_III,,,,,,,,,,
,,,,,,,,,,106.320686,Obesity_Type_I,,,,,,,,,111.939983,Obesity_Type_III,,,,,,,,,,
,,,,,,,,,,105.496975,Obesity_Type_I,,,,,,,,,111.555967,Obesity_Type_III,,,,,,,,,,
,,,,,,,,,,108.829395,Obesity_Type_I,,,,,,,,,111.357062,Obesity_Type_III,,,,,,,,,,
,,,,,,,,,,108.800964,Obesity_Type_I,,,,,,,,,111.922491,Obesity_Type_III,,,,,,,,,,
,,,,,,,,,,108.897324,Obesity_Type_I,,,,,,,,,111.884535,Obesity_Type_III,,,,,,,,,,
,,,,,,,,,,108.934574,Obesity_Type_I,,,,,,,,,104.950776,Obesity_Type_III,,,,,,,,,,
,,,,,,,,,,82,Obesity_Type_I,,,,,,,,,104.879602,Obesity_Type_III,,,,,,,,,,
,,,,,,,,,,82.851318,Obesity_Type_I,,,,,,,,,105.037203,Obesity_Type_III,,,,,,,,,,
,,,,,,,,,,81.281578,Obesity_Type_I,,,,,,,,,104.954291,Obesity_Type_III,,,,,,,,,,
,,,,,,,,,,82.582954,Obesity_Type_I,,,,,,,,,108.090006,Obesity_Type_III,,,,,,,,,,
,,,,,,,,,,105.000576,Obesity_Type_I,,,,,,,,,107.378702,Obesity_Type_III,,,,,,,,,,
,,,,,,,,,,105.696358,Obesity_Type_I,,,,,,,,,107.218949,Obesity_Type_III,,,,,,,,,,
,,,,,,,,,,117.468516,Obesity_Type_I,,,,,,,,,108.10736,Obesity_Type_III,,,,,,,,,,
,,,,,,,,,,112.932984,Obesity_Type_I,,,,,,,,,133.033523,Obesity_Type_III,,,,,,,,,,
,,,,,,,,,,118.20313,Obesity_Type_I,,,,,,,,,133.043941,Obesity_Type_III,,,,,,,,,,
,,,,,,,,,,115.39792,Obesity_Type_I,,,,,,,,,131.335786,Obesity_Type_III,,,,,,,,,,
,,,,,,,,,,80,Obesity_Type_I,,,,,,,,,131.408528,Obesity_Type_III,,,,,,,,,,
,,,,,,,,,,80,Obesity_Type_I,,,,,,,,,133.742943,Obesity_Type_III,,,,,,,,,,
,,,,,,,,,,77.033049,Obesity_Type_I,,,,,,,,,133.689352,Obesity_Type_III,,,,,,,,,,
,,,,,,,,,,76.082517,Obesity_Type_I,,,,,,,,,133.346641,Obesity_Type_III,,,,,,,,,,
,,,,,,,,,,96.568814,Obesity_Type_I,,,,,,,,,133.472641,Obesity_Type_III,,,,,,,,,,
,,,,,,,,,,97.350366,Obesity_Type_I,,,,,,,,,,,,,,,,,,,,
,,,,,,,,,,76.65949,Obesity_Type_I,,,,,,,,,,,,,,,,,,,,
,,,,,,,,,,75.279605,Obesity_Type_I,,,,,,,,,,,,,,,,,,,,
,,,,,,,,,,77.053948,Obesity_Type_I,,,,,,,,,,,,,,,,,,,,
,,,,,,,,,,77.00103,Obesity_Type_I,,,,,,,,,,,,,,,,,,,,
,,,,,,,,,,108.019211,Obesity_Type_I,,,,,,,,,,,,,,,,,,,,
,,,,,,,,,,108.044313,Obesity_Type_I,,,,,,,,,,,,,,,,,,,,
,,,,,,,,,,108.316462,Obesity_Type_I,,,,,,,,,,,,,,,,,,,,
,,,,,,,,,,108.251044,Obesity_Type_I,,,,,,,,,,,,,,,,,,,,
,,,,,,,,,,108.15619,Obesity_Type_I,,,,,,,,,,,,,,,,,,,,
,,,,,,,,,,107.10819,Obesity_Type_I,,,,,,,,,,,,,,,,,,,,
,,,,,,,,,,89.93889,Obesity_Type_I,,,,,,,,,,,,,,,,,,,,
,,,,,,,,,,85.607466,Obesity_Type_I,,,,,,,,,,,,,,,,,,,,
,,,,,,,,,,93.310284,Obesity_Type_I,,,,,,,,,,,,,,,,,,,,
,,,,,,,,,,90.744965,Obesity_Type_I,,,,,,,,,,,,,,,,,,,,
,,,,,,,,,,89.424947,Obesity_Type_I,,,,,,,,,,,,,,,,,,,,
,,,,,,,,,,89.995034,Obesity_Type_I,,,,,,,,,,,,,,,,,,,,
,,,,,,,,,,83.121811,Obesity_Type_I,,,,,,,,,,,,,,,,,,,,
,,,,,,,,,,82.412665,Obesity_Type_I,,,,,,,,,,,,,,,,,,,,
,,,,,,,,,,96.710735,Obesity_Type_I,,,,,,,,,,,,,,,,,,,,
,,,,,,,,,,95.032177,Obesity_Type_I,,,,,,,,,,,,,,,,,,,,
,,,,,,,,,,98.572753,Obesity_Type_I,,,,,,,,,,,,,,,,,,,,
,,,,,,,,,,99.873716,Obesity_Type_I,,,,,,,,,,,,,,,,,,,,
,,,,,,,,,,82.193405,Obesity_Type_I,,,,,,,,,,,,,,,,,,,,
,,,,,,,,,,82.039,Obesity_Type_I,,,,,,,,,,,,,,,,,,,,
,,,,,,,,,,104.40682,Obesity_Type_I,,,,,,,,,,,,,,,,,,,,
,,,,,,,,,,104.187314,Obesity_Type_I,,,,,,,,,,,,,,,,,,,,
